Workbook

Sheet 📊 Dashboard
B2: 🔬 KP Science — ระบบจัดการออเดอร์
B4: โกเมน ปาปะโถ · โรงเรียนสตรีวิทยา · อัพเดท: 08/04/2026
B6: ออเดอร์ทั้งหมด | E6: ออเดอร์ที่ชำระแล้ว | H6: รายได้รวม (฿) | K6: รอชำระ
B8: =COUNTA('📋 Orders'!A3:A1002)-1 -> 50 | E8: =COUNTIF('📋 Orders'!G3:G1002,"ชำระแล้ว") -> 2 | H8: =SUMIF('📋 Orders'!G3:G1002,"ชำระแล้ว",'📋 Orders'!F3:F1002) -> 498 | K8: =COUNTIF('📋 Orders'!G3:G1002,"รอชำระ") -> 1
B13: ▸ รายได้แยกตามแพ็กเกจ
B14: แพ็กเกจ | D14: ราคา (฿) | F14: จำนวนออเดอร์ | H14: รายได้ (฿) | J14: % ของรายได้
B15: 1 หมวด | D15: 149 | F15: =COUNTIFS('📋 Orders'!E3:E1002,B15,'📋 Orders'!G3:G1002,"ชำระแล้ว") -> 1 | H15: =F15*D15 -> 149 | J15: =IFERROR(H15/'📊 Dashboard'!H8,0) -> 0.29919679
B16: 3 หมวด | D16: 349 | F16: =COUNTIFS('📋 Orders'!E3:E1002,B16,'📋 Orders'!G3:G1002,"ชำระแล้ว") -> 1 | H16: =F16*D16 -> 349 | J16: =IFERROR(H16/'📊 Dashboard'!H8,0) -> 0.70080321
B17: Full Collection | D17: 549 | F17: =COUNTIFS('📋 Orders'!E3:E1002,B17,'📋 Orders'!G3:G1002,"ชำระแล้ว") -> 0 | H17: =F17*D17 -> 0 | J17: =IFERROR(H17/'📊 Dashboard'!H8,0) -> 0
B18: รวม | F18: =SUM(F15:F17) -> 2 | H18: =SUM(H15:H17) -> 498
B21: 💡 วิธีใช้: กรอกข้อมูลออเดอร์ที่ sheet "📋 Orders" → เมื่อยืนยันการชำระเงิน เปลี่ยนสถานะเป็น "ชำระแล้ว" → Dashboard จะอัพเดทอัตโนมัติ · รหัสผ่านดูได้ที่ sheet "🔑 Passwords"

Sheet 📋 Orders
A1: 📋 รายการออเดอร์ทั้งหมด — KP Science Simulations
A2: ลำดับ | B2: วันที่สั่ง | C2: ชื่อ-นามสกุล | D2: โรงเรียน / หน่วยงาน | E2: แพ็กเกจ | F2: ราคา (฿) | G2: สถานะ | H2: วันที่ชำระ | I2: Line / Email | J2: หมวดที่ 1 | K2: หมวดที่ 2 | L2: หมวดที่ 3 | M2: รหัสผ่านที่ส่ง | N2: ส่งรหัสแล้ว | O2: หมายเหตุ
A3: 1 | B3: 01/04/2025 | C3: สมหญิง มั่นคง | D3: โรงเรียนเตรียมอุดม | E3: 1 หมวด | F3: 149 | G3: ชำระแล้ว | H3: 02/04/2025 | I3: line_A | J3: กลศาสตร์ | M3: mech-2025 | N3: ✅
A4: 2 | B4: 03/04/2025 | C4: วิชัย พัฒนา | D4: โรงเรียนสาธิตจุฬาฯ | E4: 3 หมวด | F4: 349 | G4: ชำระแล้ว | H4: 03/04/2025 | I4: line_B | J4: กลศาสตร์ | K4: คลื่น | M4: mech-2025, wave-2025 | N4: ✅
A5: 3 | B5: 05/04/2025 | C5: นิภา สุขเกษม | D5: โรงเรียนสตรีวิทยา 2 | E5: Full Collection | F5: 549 | G5: รอชำระ | I5: nipa@email.com | N5: ❌ | O5: รอสลิป
A6: =IF(C6<>"",ROW()-2,"") | F6: =IF(E6="1 หมวด",149,IF(E6="3 หมวด",349,IF(E6="Full Collection",549,"")))
A7: =IF(C7<>"",ROW()-2,"") | F7: =IF(E7="1 หมวด",149,IF(E7="3 หมวด",349,IF(E7="Full Collection",549,"")))
A8: =IF(C8<>"",ROW()-2,"") | F8: =IF(E8="1 หมวด",149,IF(E8="3 หมวด",349,IF(E8="Full Collection",549,"")))
A9: =IF(C9<>"",ROW()-2,"") | F9: =IF(E9="1 หมวด",149,IF(E9="3 หมวด",349,IF(E9="Full Collection",549,"")))
A10: =IF(C10<>"",ROW()-2,"") | F10: =IF(E10="1 หมวด",149,IF(E10="3 หมวด",349,IF(E10="Full Collection",549,"")))
A11: =IF(C11<>"",ROW()-2,"") | F11: =IF(E11="1 หมวด",149,IF(E11="3 หมวด",349,IF(E11="Full Collection",549,"")))
A12: =IF(C12<>"",ROW()-2,"") | F12: =IF(E12="1 หมวด",149,IF(E12="3 หมวด",349,IF(E12="Full Collection",549,"")))
A13: =IF(C13<>"",ROW()-2,"") | F13: =IF(E13="1 หมวด",149,IF(E13="3 หมวด",349,IF(E13="Full Collection",549,"")))
A14: =IF(C14<>"",ROW()-2,"") | F14: =IF(E14="1 หมวด",149,IF(E14="3 หมวด",349,IF(E14="Full Collection",549,"")))
A15: =IF(C15<>"",ROW()-2,"") | F15: =IF(E15="1 หมวด",149,IF(E15="3 หมวด",349,IF(E15="Full Collection",549,"")))
A16: =IF(C16<>"",ROW()-2,"") | F16: =IF(E16="1 หมวด",149,IF(E16="3 หมวด",349,IF(E16="Full Collection",549,"")))
A17: =IF(C17<>"",ROW()-2,"") | F17: =IF(E17="1 หมวด",149,IF(E17="3 หมวด",349,IF(E17="Full Collection",549,"")))
... A52: =IF(C52<>"",ROW()-2,"") | F52: =IF(E52="1 หมวด",149,IF(E52="3 หมวด",349,IF(E52="Full Collection",549,"")))
A54: 🟢 ชำระแล้ว = ส่งรหัสผ่านได้ 🟡 รอชำระ = รอสลิปโอนเงิน 🔴 ยกเลิก = ออเดอร์ถูกยกเลิก 📌 คอลัมน์ F (ราคา) คำนวณอัตโนมัติ

Sheet 🔑 Passwords
A1: 🔑 จัดการรหัสผ่าน — KP Science Simulations
A3: ▸ รหัสผ่านตามหมวด (ปัจจุบัน)
A4: หมวด | B4: ชื่อไฟล์ | C4: รหัสผ่านปัจจุบัน | D4: วันที่เปลี่ยนล่าสุด | E4: ใช้ได้ถึง | F4: จำนวนผู้ซื้อ | K4: หมายเหตุ
A5: กลศาสตร์ (Mechanics) | B5: mechanics.html | C5: kp2025 | D5: 01/01/2025 | E5: 31/12/2025 | F5: =COUNTIF('📋 Orders'!J3:L1002,"กลศาสตร์") -> 2
A6: คลื่น (Waves) | B6: waves.html | C6: wave2025 | D6: 01/01/2025 | E6: 31/12/2025 | F6: =COUNTIF('📋 Orders'!J3:L1002,"คลื่น") -> 1
A7: ดาราศาสตร์ (Astronomy) | B7: astronomy.html | C7: astro2025 | D7: 01/01/2025 | E7: 31/12/2025 | F7: =COUNTIF('📋 Orders'!J3:L1002,"ดาราศาสตร์") -> 0
A8: ไฟฟ้า (Electricity) | B8: electricity.html | C8: elec2025 | D8: 01/01/2025 | E8: 31/12/2025 | F8: =COUNTIF('📋 Orders'!J3:L1002,"ไฟฟ้า") -> 0 | K8: กำลังพัฒนา
A9: อุณหพลศาสตร์ (Thermo) | B9: thermo.html | C9: thermo2025 | D9: 01/01/2025 | E9: 31/12/2025 | F9: =COUNTIF('📋 Orders'!J3:L1002,"อุณหพลศาสตร์") -> 0 | K9: กำลังพัฒนา
A11: ⚠️ ความปลอดภัย: เปลี่ยนรหัสผ่านทุก 6 เดือน หรือเมื่อสงสัยว่ามีการแชร์รหัส · รหัสผ่านควรมีตัวเลข+ตัวอักษรอย่างน้อย 6 ตัว · เมื่อเปลี่ยนรหัสต้องแก้ไขในไฟล์ HTML ด้วย (ค้นหา CORRECT_PW)
A15: ▸ สรุปแพ็กเกจและรหัสที่ต้องส่ง
A16: 1 หมวด — 149 ฿ | B16: ส่งรหัส 1 ชุด ตามหมวดที่เลือก
A17: 3 หมวด — 349 ฿ | B17: ส่งรหัส 3 ชุด ตามหมวดที่เลือก
A18: Full Collection — 549 ฿ | B18: ส่งรหัสทุกหมวดที่เปิดให้บริการแล้ว

Sheet 📧 Email Templates
A1: 📧 เทมเพลตอีเมล / Line สำหรับส่งรหัสผ่าน
A3: ▸ แบบที่ 1: ยืนยันการรับออเดอร์ (ก่อนชำระเงิน)
A4: สวัสดีครับ/ค่ะ คุณ [ชื่อ] ขอบคุณที่สนใจ KP Science Simulations นะครับ ได้รับคำสั่งซื้อของคุณแล้ว ดังนี้ 📦 แพ็กเกจ: [แพ็กเกจ] 💰 ยอดชำระ: [ราคา] บาท 📚 หมวด: [หมวดที่เลือก] กรุณาโอนเงินผ่าน PromptPay: 0XX-XXX-XXXX (โกเมน ปาปะโถ) แล้วแนบสลิปกลับมาในช่องนี้เลยครับ 🙏 — ครูโกเมน · KP Science
A20: ▸ แบบที่ 2: ส่งรหัสผ่านหลังชำระเงิน
A21: สวัสดีครับ/ค่ะ คุณ [ชื่อ] 🎉 ยืนยันการชำระเงินเรียบร้อยแล้วครับ นี่คือรหัสผ่านสำหรับเข้าใช้งาน: [ถ้าซื้อกลศาสตร์] 🔑 กลศาสตร์: [รหัสผ่าน] 🔗 ลิงก์: https://komane67.github.io/physics-simulations/mechanics.html [ถ้าซื้อคลื่น] 🔑 คลื่น: [รหัสผ่าน] 🔗 ลิงก์: https://komane67.github.io/physics-simulations/waves.html วิธีใช้: เปิดลิงก์ → กรอกรหัสผ่าน → เข้าใช้ได้ทันทีครับ ใช้ได้บน PC · iPad · มือถือ ไม่ต้องติดตั้ง หากมีปัญหาติดต่อได้ที่ Line นี้เลยครับ 😊 — ครูโกเมน · KP Science
A37: ▸ แบบที่ 3: แจ้งเปลี่ยนรหัสผ่านประจำปี
A38: สวัสดีครับ/ค่ะ คุณ [ชื่อ] KP Science ขอแจ้งอัพเดทรหัสผ่านประจำปี 2026 ครับ รหัสผ่านใหม่ของคุณ: 🔑 [หมวด]: [รหัสใหม่] รหัสเดิมจะหมดอายุวันที่ [วันที่] กรุณาอัพเดทก่อนวันดังกล่าวนะครับ 🙏 — ครูโกเมน · KP Science

Sheet 📖 วิธีใช้
B1: 📖 คู่มือการใช้งาน — KP Science Order Manager
B4: ขั้นตอนที่ 1: รับออเดอร์
B5: ลูกค้าติดต่อผ่าน Line / Facebook → สอบถามแพ็กเกจที่ต้องการ → ส่งลิงก์ชำระเงิน
B9: ขั้นตอนที่ 2: บันทึก Sheet Orders
B10: กรอกข้อมูลลูกค้าใน sheet '📋 Orders': ชื่อ, โรงเรียน, แพ็กเกจ, หมวดที่เลือก, ช่องทางติดต่อ
B14: ขั้นตอนที่ 3: ยืนยันชำระเงิน
B15: รับสลิป → ตรวจยอด → เปลี่ยนสถานะใน column G เป็น 'ชำระแล้ว' พร้อมกรอกวันที่
B19: ขั้นตอนที่ 4: ส่งรหัสผ่าน
B20: ดูรหัสผ่านจาก sheet '🔑 Passwords' → copy เทมเพลตจาก '📧 Email Templates' → แทนที่ข้อมูล → ส่งทาง Line
B24: ขั้นตอนที่ 5: อัพเดท column M และ N
B25: กรอกรหัสที่ส่งใน column M (รหัสผ่านที่ส่ง) และ column N ใส่ ✅ เพื่อยืนยันว่าส่งแล้ว
B29: ขั้นตอนที่ 6 (ทำทุก 6 เดือน): เปลี่ยนรหัสผ่าน
B30: อัพเดทรหัสใน sheet '🔑 Passwords' → แก้ไข CORRECT_PW ในไฟล์ HTML ทุกไฟล์ → แจ้งลูกค้าที่ active ทุกราย
